age,gender_bin,height,weight,bmi,smoking_encoded,alcohol_encoded,physical_activity,sleep_hours,stress_level,diet_fastfood_flag,weight_height_ratio
18393,0,168,62.0,21.9671201814059,0,0,1,7.0,0,0,0.36904761904761907
20228,1,156,85.0,34.927679158448385,0,0,1,7.0,0,0,0.5448717948717948
18857,1,165,64.0,23.507805325987146,0,0,0,7.0,0,0,0.3878787878787879
17623,0,169,82.0,28.71047932495361,0,0,1,7.0,0,0,0.48520710059171596
17474,1,156,56.0,23.011176857330703,0,0,0,7.0,0,0,0.358974358974359
